[
	{
		"id":"16",
		"title":"XML Table",
		"link":"pages/posts/16XmlTable.html",
		"author":"Mr. Shoshone",
		"date":"26 October 2015",
		"content":"<p>It's inside this link. <br><br>If you don’t have the real content, using Lorem Ipsum is the most common way to fill those.<br><br><div id='xml1'></div>"
	},
	{
		"id":"15",
		"title":"The n-th Post",
		"link":"pages/posts/15TheNthPost.html",
		"author":"Miss Crt",
		"date":"24 October 2015",
		"content":"<p>When designing anything with content (websites, brochures, etc.), if you don’t have the real content, using Lorem Ipsum is the most common way to fill those. <br><br> Real content, using Lorem Ipsum is the most common way to fill those filler text, it is pretty boring to use. <br><br> Lorem Ipsum again and again."
	},
	{
		"id":"14",
		"title":"Here's Another Post",
		"link":"pages/posts/14HeresAnotherPost.html",
		"author":"Mr. Dumre",
		"date":"22 October 2015",
		"content":"<p>When designing anything with content (websites, brochures, etc.), if you don’t have the real content, using Lorem Ipsum is the most common way to fill those spaces. However, for anyone who designs regularly and needs such filler text, it is pretty boring to use Lorem Ipsum again and again."
	},
	{
		"id":"13",
		"title":"Tweltfth One",
		"link":"#AnotherPostLink",
		"author":"Mr. Dumre",
		"date":"21 October 2015",
		"content":"<p>When designing anything with content (websites, brochures, etc.), if you don’t have the real content, using Lorem Ipsum is the most common way to fill those spaces. However, for anyone who designs regularly and needs such filler text, it is pretty boring to use Lorem Ipsum again and again."
	},
	{
		"id":"12",
		"title":"Add and Drop Relinked",
		"link":"pages/posts/07AddAndDrop.html",
		"author":"Mr. Tumtum",
		"date":"20 October 2015",
		"content": "<p>When designing anything with content (websites, brochures, etc.), if you don’t have the real content, using Lorem Ipsum is the most common way to fill those spaces. However, for anyone who designs regularly and needs such filler text, it is pretty boring to use Lorem Ipsum again and again.<br><br>If you want to try an alternative to Lorem Ipsum, there are several web-based generators which are easy-to-use, customizable and, usually, fun.</p>"
	},
	{
		"id":"11",
		"title":"Fourtish Post",
		"link":"#FifthPostLink",
		"author":"Mr. Mowmoo",
		"date":"18 October 2015",
		"content": "<p>When designing anything with content (websites, brochures, etc.), if you don’t have the real content, using Lorem Ipsum is the most common way to fill those spaces. However, for anyone who designs regularly and needs such filler text, it is pretty boring to use Lorem Ipsum again and again.<br><br>If you want to try an alternative to Lorem Ipsum, there are several web-based generators which are easy-to-use, customizable and, usually, fun.</p>"		
	},
	{
		"id":"10",
		"title":"Thirdish Post",
		"link":"#FifthPostLink",
		"author":"Mr. Mowmoo",
		"date":"16 October 2015",
		"content": "<p>When designing anything with content (websites, brochures, etc.), if you don’t have the real content, using Lorem Ipsum is the most common way to fill those spaces. However, for anyone who designs regularly and needs such filler text, it is pretty boring to use Lorem Ipsum again and again.<br><br>If you want to try an alternative to Lorem Ipsum, there are several web-based generators which are easy-to-use, customizable and, usually, fun.</p>"		
	},
	{
		"id":"09",
		"title":"Not Really the First Post",
		"link":"#FifthPostLink",
		"author":"Mr. Mowmoo",
		"date":"30 September 2015",
		"content": "<p>When designing anything with content (websites, brochures, etc.), if you don’t have the real content, using Lorem Ipsum is the most common way to fill those spaces. However, for anyone who designs regularly and needs such filler text, it is pretty boring to use Lorem Ipsum again and again.<br><br>If you want to try an alternative to Lorem Ipsum, there are several web-based generators which are easy-to-use, customizable and, usually, fun.</p>"		
	},
	{
		"id":"08",
		"title":"Responsive Carousel",
		"link":"pages/posts/09SlidesWithoutFramework.html",
		"author":"Mr. Dumre",
		"date":"27 October 2015",
		"content":"<p>When designing anything with content (websites, brochures, etc.), if you don’t have the real content, using Lorem Ipsum is the most common way to fill those spaces."
	},
	{
		"id":"07",
		"title":"Add and Drop",
		"link":"pages/posts/07AddAndDrop.html",
		"author":"Mr. Dumre",
		"date":"26 October 2015",
		"content":"<p>When designing anything with content (websites, brochures, etc.), if you don’t have the real content, using Lorem Ipsum is the most common way to fill those filler text, it is pretty boring to use Lorem Ipsum again and again."
	},
	{
		"id":"06",
		"title":"? Post",
		"link":"#FifthPostLink",
		"author":"Mr. Mowmoo",
		"date":"23 September 2015",
		"content": "<p>When designing anything with content (websites, brochures, etc.), if you don’t have the real content, using Lorem Ipsum is the most common way to fill those spaces. However, for anyone who designs regularly and needs such filler text, it is pretty boring to use Lorem Ipsum again and again.<br><br>If you want to try an alternative to Lorem Ipsum, there are several web-based generators which are easy-to-use, customizable and, usually, fun.</p>"		
	}
]